"island","isl.rastCell"
"Anacapa","3602"
"Anacapa","3603"
"Anacapa","3604"
"Anacapa","3605"
"Anacapa","3607"
"Anacapa","3608"
"Anacapa","3609"
"Anacapa","3610"
"Anacapa","3853"
"Anacapa","3854"
"Anacapa","3855"
"Anacapa","3856"
"Anacapa","3857"
"Anacapa","3858"
"Santa Cruz","1808"
"Santa Cruz","1809"
"Santa Cruz","1810"
"Santa Cruz","1811"
"Santa Cruz","1812"
"Santa Cruz","2058"
"Santa Cruz","2059"
"Santa Cruz","2060"
"Santa Cruz","2061"
"Santa Cruz","2062"
"Santa Cruz","2063"
"Santa Cruz","2064"
"Santa Cruz","2065"
"Santa Cruz","2066"
"Santa Cruz","2307"
"Santa Cruz","2308"
"Santa Cruz","2309"
"Santa Cruz","2310"
"Santa Cruz","2311"
"Santa Cruz","2312"
"Santa Cruz","2313"
"Santa Cruz","2314"
"Santa Cruz","2315"
"Santa Cruz","2316"
"Santa Cruz","2317"
"Santa Cruz","2319"
"Santa Cruz","2320"
"Santa Cruz","2321"
"Santa Cruz","2322"
"Santa Cruz","2323"
"Santa Cruz","2341"
"Santa Cruz","2559"
"Santa Cruz","2560"
"Santa Cruz","2561"
"Santa Cruz","2562"
"Santa Cruz","2563"
"Santa Cruz","2564"
"Santa Cruz","2565"
"Santa Cruz","2566"
"Santa Cruz","2567"
"Santa Cruz","2568"
"Santa Cruz","2569"
"Santa Cruz","2570"
"Santa Cruz","2571"
"Santa Cruz","2572"
"Santa Cruz","2573"
"Santa Cruz","2574"
"Santa Cruz","2575"
"Santa Cruz","2576"
"Santa Cruz","2588"
"Santa Cruz","2589"
"Santa Cruz","2590"
"Santa Cruz","2591"
"Santa Cruz","2592"
"Santa Cruz","2810"
"Santa Cruz","2811"
"Santa Cruz","2812"
"Santa Cruz","2813"
"Santa Cruz","2814"
"Santa Cruz","2815"
"Santa Cruz","2816"
"Santa Cruz","2817"
"Santa Cruz","2818"
"Santa Cruz","2819"
"Santa Cruz","2820"
"Santa Cruz","2821"
"Santa Cruz","2822"
"Santa Cruz","2823"
"Santa Cruz","2824"
"Santa Cruz","2825"
"Santa Cruz","2826"
"Santa Cruz","2827"
"Santa Cruz","2828"
"Santa Cruz","2837"
"Santa Cruz","2838"
"Santa Cruz","2839"
"Santa Cruz","2840"
"Santa Cruz","2841"
"Santa Cruz","2842"
"Santa Cruz","2843"
"Santa Cruz","2844"
"Santa Cruz","3061"
"Santa Cruz","3062"
"Santa Cruz","3063"
"Santa Cruz","3064"
"Santa Cruz","3065"
"Santa Cruz","3066"
"Santa Cruz","3067"
"Santa Cruz","3068"
"Santa Cruz","3069"
"Santa Cruz","3070"
"Santa Cruz","3071"
"Santa Cruz","3072"
"Santa Cruz","3073"
"Santa Cruz","3074"
"Santa Cruz","3075"
"Santa Cruz","3076"
"Santa Cruz","3077"
"Santa Cruz","3078"
"Santa Cruz","3079"
"Santa Cruz","3087"
"Santa Cruz","3088"
"Santa Cruz","3089"
"Santa Cruz","3090"
"Santa Cruz","3091"
"Santa Cruz","3092"
"Santa Cruz","3093"
"Santa Cruz","3094"
"Santa Cruz","3095"
"Santa Cruz","3312"
"Santa Cruz","3313"
"Santa Cruz","3314"
"Santa Cruz","3315"
"Santa Cruz","3316"
"Santa Cruz","3317"
"Santa Cruz","3318"
"Santa Cruz","3319"
"Santa Cruz","3320"
"Santa Cruz","3321"
"Santa Cruz","3322"
"Santa Cruz","3323"
"Santa Cruz","3324"
"Santa Cruz","3325"
"Santa Cruz","3326"
"Santa Cruz","3327"
"Santa Cruz","3328"
"Santa Cruz","3329"
"Santa Cruz","3330"
"Santa Cruz","3331"
"Santa Cruz","3332"
"Santa Cruz","3333"
"Santa Cruz","3336"
"Santa Cruz","3337"
"Santa Cruz","3338"
"Santa Cruz","3339"
"Santa Cruz","3340"
"Santa Cruz","3341"
"Santa Cruz","3342"
"Santa Cruz","3343"
"Santa Cruz","3344"
"Santa Cruz","3561"
"Santa Cruz","3562"
"Santa Cruz","3563"
"Santa Cruz","3564"
"Santa Cruz","3565"
"Santa Cruz","3566"
"Santa Cruz","3567"
"Santa Cruz","3568"
"Santa Cruz","3569"
"Santa Cruz","3570"
"Santa Cruz","3571"
"Santa Cruz","3572"
"Santa Cruz","3573"
"Santa Cruz","3574"
"Santa Cruz","3575"
"Santa Cruz","3576"
"Santa Cruz","3577"
"Santa Cruz","3578"
"Santa Cruz","3579"
"Santa Cruz","3580"
"Santa Cruz","3581"
"Santa Cruz","3582"
"Santa Cruz","3583"
"Santa Cruz","3584"
"Santa Cruz","3585"
"Santa Cruz","3586"
"Santa Cruz","3587"
"Santa Cruz","3588"
"Santa Cruz","3589"
"Santa Cruz","3590"
"Santa Cruz","3591"
"Santa Cruz","3592"
"Santa Cruz","3593"
"Santa Cruz","3811"
"Santa Cruz","3812"
"Santa Cruz","3813"
"Santa Cruz","3814"
"Santa Cruz","3815"
"Santa Cruz","3816"
"Santa Cruz","3817"
"Santa Cruz","3818"
"Santa Cruz","3819"
"Santa Cruz","3820"
"Santa Cruz","3821"
"Santa Cruz","3822"
"Santa Cruz","3823"
"Santa Cruz","3824"
"Santa Cruz","3825"
"Santa Cruz","3826"
"Santa Cruz","3827"
"Santa Cruz","3828"
"Santa Cruz","3829"
"Santa Cruz","3830"
"Santa Cruz","3831"
"Santa Cruz","3832"
"Santa Cruz","3833"
"Santa Cruz","3834"
"Santa Cruz","3835"
"Santa Cruz","3836"
"Santa Cruz","3837"
"Santa Cruz","3838"
"Santa Cruz","3839"
"Santa Cruz","3840"
"Santa Cruz","3841"
"Santa Cruz","3842"
"Santa Cruz","4061"
"Santa Cruz","4062"
"Santa Cruz","4063"
"Santa Cruz","4064"
"Santa Cruz","4065"
"Santa Cruz","4066"
"Santa Cruz","4067"
"Santa Cruz","4068"
"Santa Cruz","4069"
"Santa Cruz","4070"
"Santa Cruz","4071"
"Santa Cruz","4072"
"Santa Cruz","4073"
"Santa Cruz","4074"
"Santa Cruz","4075"
"Santa Cruz","4076"
"Santa Cruz","4077"
"Santa Cruz","4078"
"Santa Cruz","4079"
"Santa Cruz","4080"
"Santa Cruz","4081"
"Santa Cruz","4082"
"Santa Cruz","4083"
"Santa Cruz","4084"
"Santa Cruz","4085"
"Santa Cruz","4086"
"Santa Cruz","4087"
"Santa Cruz","4088"
"Santa Cruz","4089"
"Santa Cruz","4090"
"Santa Cruz","4091"
"Santa Cruz","4092"
"Santa Cruz","4311"
"Santa Cruz","4312"
"Santa Cruz","4313"
"Santa Cruz","4314"
"Santa Cruz","4315"
"Santa Cruz","4316"
"Santa Cruz","4317"
"Santa Cruz","4318"
"Santa Cruz","4319"
"Santa Cruz","4320"
"Santa Cruz","4321"
"Santa Cruz","4322"
"Santa Cruz","4323"
"Santa Cruz","4324"
"Santa Cruz","4325"
"Santa Cruz","4326"
"Santa Cruz","4327"
"Santa Cruz","4328"
"Santa Cruz","4329"
"Santa Cruz","4330"
"Santa Cruz","4331"
"Santa Cruz","4332"
"Santa Cruz","4333"
"Santa Cruz","4334"
"Santa Cruz","4335"
"Santa Cruz","4336"
"Santa Cruz","4337"
"Santa Cruz","4338"
"Santa Cruz","4339"
"Santa Cruz","4562"
"Santa Cruz","4563"
"Santa Cruz","4564"
"Santa Cruz","4565"
"Santa Cruz","4566"
"Santa Cruz","4567"
"Santa Cruz","4568"
"Santa Cruz","4569"
"Santa Cruz","4570"
"Santa Cruz","4571"
"Santa Cruz","4572"
"Santa Cruz","4573"
"Santa Cruz","4574"
"Santa Cruz","4575"
"Santa Cruz","4576"
"Santa Cruz","4577"
"Santa Cruz","4578"
"Santa Cruz","4579"
"Santa Cruz","4580"
"Santa Cruz","4581"
"Santa Cruz","4814"
"Santa Cruz","4815"
"Santa Cruz","4816"
"Santa Cruz","4817"
"Santa Cruz","4818"
"Santa Cruz","4819"
"Santa Cruz","4820"
"Santa Cruz","4821"
"Santa Cruz","4822"
"Santa Cruz","4823"
"Santa Cruz","4824"
"Santa Cruz","4825"
"Santa Cruz","4826"
"Santa Cruz","4827"
"Santa Cruz","4828"
"Santa Cruz","4829"
"Santa Cruz","5067"
"Santa Cruz","5068"
"Santa Cruz","5069"
"Santa Cruz","5070"
"Santa Cruz","5071"
"Santa Cruz","5072"
"Santa Cruz","5073"
"Santa Cruz","5074"
"Santa Cruz","5075"
"Santa Cruz","5076"
"Santa Cruz","5077"
"Santa Rosa","2795"
"Santa Rosa","2796"
"Santa Rosa","3044"
"Santa Rosa","3045"
"Santa Rosa","3046"
"Santa Rosa","3047"
"Santa Rosa","3287"
"Santa Rosa","3288"
"Santa Rosa","3289"
"Santa Rosa","3290"
"Santa Rosa","3291"
"Santa Rosa","3292"
"Santa Rosa","3293"
"Santa Rosa","3294"
"Santa Rosa","3295"
"Santa Rosa","3296"
"Santa Rosa","3297"
"Santa Rosa","3530"
"Santa Rosa","3535"
"Santa Rosa","3536"
"Santa Rosa","3537"
"Santa Rosa","3538"
"Santa Rosa","3539"
"Santa Rosa","3540"
"Santa Rosa","3541"
"Santa Rosa","3542"
"Santa Rosa","3543"
"Santa Rosa","3544"
"Santa Rosa","3545"
"Santa Rosa","3546"
"Santa Rosa","3777"
"Santa Rosa","3778"
"Santa Rosa","3779"
"Santa Rosa","3780"
"Santa Rosa","3781"
"Santa Rosa","3782"
"Santa Rosa","3783"
"Santa Rosa","3784"
"Santa Rosa","3785"
"Santa Rosa","3786"
"Santa Rosa","3787"
"Santa Rosa","3788"
"Santa Rosa","3789"
"Santa Rosa","3790"
"Santa Rosa","3791"
"Santa Rosa","3792"
"Santa Rosa","3793"
"Santa Rosa","3794"
"Santa Rosa","3795"
"Santa Rosa","3796"
"Santa Rosa","4027"
"Santa Rosa","4028"
"Santa Rosa","4029"
"Santa Rosa","4030"
"Santa Rosa","4031"
"Santa Rosa","4032"
"Santa Rosa","4033"
"Santa Rosa","4034"
"Santa Rosa","4035"
"Santa Rosa","4036"
"Santa Rosa","4037"
"Santa Rosa","4038"
"Santa Rosa","4039"
"Santa Rosa","4040"
"Santa Rosa","4041"
"Santa Rosa","4042"
"Santa Rosa","4043"
"Santa Rosa","4044"
"Santa Rosa","4045"
"Santa Rosa","4046"
"Santa Rosa","4047"
"Santa Rosa","4279"
"Santa Rosa","4280"
"Santa Rosa","4281"
"Santa Rosa","4282"
"Santa Rosa","4283"
"Santa Rosa","4284"
"Santa Rosa","4285"
"Santa Rosa","4286"
"Santa Rosa","4287"
"Santa Rosa","4288"
"Santa Rosa","4289"
"Santa Rosa","4290"
"Santa Rosa","4291"
"Santa Rosa","4292"
"Santa Rosa","4293"
"Santa Rosa","4294"
"Santa Rosa","4295"
"Santa Rosa","4296"
"Santa Rosa","4297"
"Santa Rosa","4298"
"Santa Rosa","4299"
"Santa Rosa","4302"
"Santa Rosa","4530"
"Santa Rosa","4531"
"Santa Rosa","4532"
"Santa Rosa","4533"
"Santa Rosa","4534"
"Santa Rosa","4535"
"Santa Rosa","4536"
"Santa Rosa","4537"
"Santa Rosa","4538"
"Santa Rosa","4539"
"Santa Rosa","4540"
"Santa Rosa","4541"
"Santa Rosa","4542"
"Santa Rosa","4543"
"Santa Rosa","4544"
"Santa Rosa","4545"
"Santa Rosa","4546"
"Santa Rosa","4547"
"Santa Rosa","4548"
"Santa Rosa","4549"
"Santa Rosa","4550"
"Santa Rosa","4551"
"Santa Rosa","4552"
"Santa Rosa","4553"
"Santa Rosa","4781"
"Santa Rosa","4782"
"Santa Rosa","4783"
"Santa Rosa","4784"
"Santa Rosa","4785"
"Santa Rosa","4786"
"Santa Rosa","4787"
"Santa Rosa","4788"
"Santa Rosa","4789"
"Santa Rosa","4790"
"Santa Rosa","4791"
"Santa Rosa","4792"
"Santa Rosa","4793"
"Santa Rosa","4794"
"Santa Rosa","4795"
"Santa Rosa","4796"
"Santa Rosa","4797"
"Santa Rosa","4798"
"Santa Rosa","4799"
"Santa Rosa","4800"
"Santa Rosa","4801"
"Santa Rosa","4802"
"Santa Rosa","4803"
"Santa Rosa","5031"
"Santa Rosa","5032"
"Santa Rosa","5033"
"Santa Rosa","5034"
"Santa Rosa","5035"
"Santa Rosa","5036"
"Santa Rosa","5037"
"Santa Rosa","5038"
"Santa Rosa","5039"
"Santa Rosa","5040"
"Santa Rosa","5041"
"Santa Rosa","5042"
"Santa Rosa","5043"
"Santa Rosa","5044"
"Santa Rosa","5045"
"Santa Rosa","5046"
"Santa Rosa","5047"
"Santa Rosa","5048"
"Santa Rosa","5049"
"Santa Rosa","5050"
"Santa Rosa","5051"
"Santa Rosa","5052"
"Santa Rosa","5053"
"Santa Rosa","5282"
"Santa Rosa","5283"
"Santa Rosa","5284"
"Santa Rosa","5285"
"Santa Rosa","5286"
"Santa Rosa","5287"
"Santa Rosa","5288"
"Santa Rosa","5289"
"Santa Rosa","5290"
"Santa Rosa","5291"
"Santa Rosa","5292"
"Santa Rosa","5293"
"Santa Rosa","5294"
"Santa Rosa","5295"
"Santa Rosa","5296"
"Santa Rosa","5297"
"Santa Rosa","5298"
"Santa Rosa","5299"
"Santa Rosa","5300"
"Santa Rosa","5301"
"Santa Rosa","5302"
"Santa Rosa","5303"
"Santa Rosa","5533"
"Santa Rosa","5534"
"Santa Rosa","5535"
"Santa Rosa","5536"
"Santa Rosa","5537"
"Santa Rosa","5538"
"Santa Rosa","5539"
"Santa Rosa","5540"
"Santa Rosa","5541"
"Santa Rosa","5542"
"Santa Rosa","5543"
"Santa Rosa","5544"
"Santa Rosa","5545"
"Santa Rosa","5546"
"Santa Rosa","5547"
"Santa Rosa","5548"
"Santa Rosa","5549"
"Santa Rosa","5550"
"Santa Rosa","5551"
"Santa Rosa","5552"
"Santa Rosa","5553"
"Santa Rosa","5783"
"Santa Rosa","5784"
"Santa Rosa","5785"
"Santa Rosa","5786"
"Santa Rosa","5787"
"Santa Rosa","5788"
"Santa Rosa","5789"
"Santa Rosa","5790"
"Santa Rosa","5791"
"Santa Rosa","5792"
"Santa Rosa","5793"
"Santa Rosa","5794"
"Santa Rosa","5795"
"Santa Rosa","5796"
"Santa Rosa","5797"
"Santa Rosa","5798"
"Santa Rosa","5799"
"Santa Rosa","5800"
"Santa Rosa","6034"
"Santa Rosa","6035"
"Santa Rosa","6036"
"Santa Rosa","6037"
"Santa Rosa","6038"
"Santa Rosa","6039"
"Santa Rosa","6040"
"Santa Rosa","6041"
"Santa Rosa","6042"
"Santa Rosa","6043"
"Santa Rosa","6044"
"Santa Rosa","6045"
"Santa Rosa","6046"
"Santa Rosa","6047"
"Santa Rosa","6048"
"Santa Rosa","6285"
"Santa Rosa","6286"
"Santa Rosa","6287"
"Santa Rosa","6288"
"Santa Rosa","6289"
"Santa Rosa","6290"
"Santa Rosa","6291"
"Santa Rosa","6292"
"Santa Rosa","6293"
"Santa Rosa","6294"
"Santa Rosa","6295"
"Santa Rosa","6296"
"Santa Rosa","6537"
"Santa Rosa","6538"
"Santa Rosa","6539"
"Santa Rosa","6540"
"Santa Rosa","6541"
"Santa Rosa","6542"
"Santa Rosa","6543"
"Santa Rosa","6544"
"Santa Rosa","6788"
"Santa Rosa","6789"
"Santa Rosa","6790"
"Santa Rosa","6791"
"San Miguel","1766"
"San Miguel","1767"
"San Miguel","2016"
"San Miguel","2017"
"San Miguel","2262"
"San Miguel","2265"
"San Miguel","2266"
"San Miguel","2267"
"San Miguel","2268"
"San Miguel","2269"
"San Miguel","2270"
"San Miguel","2511"
"San Miguel","2512"
"San Miguel","2513"
"San Miguel","2514"
"San Miguel","2515"
"San Miguel","2516"
"San Miguel","2517"
"San Miguel","2518"
"San Miguel","2519"
"San Miguel","2520"
"San Miguel","2761"
"San Miguel","2762"
"San Miguel","2763"
"San Miguel","2764"
"San Miguel","2765"
"San Miguel","2766"
"San Miguel","2767"
"San Miguel","2768"
"San Miguel","2769"
"San Miguel","2770"
"San Miguel","2771"
"San Miguel","2772"
"San Miguel","3011"
"San Miguel","3012"
"San Miguel","3013"
"San Miguel","3014"
"San Miguel","3015"
"San Miguel","3016"
"San Miguel","3017"
"San Miguel","3018"
"San Miguel","3019"
"San Miguel","3020"
"San Miguel","3021"
"San Miguel","3022"
"San Miguel","3261"
"San Miguel","3262"
"San Miguel","3264"
"San Miguel","3265"
"San Miguel","3266"
"San Miguel","3267"
"San Miguel","3268"
"San Miguel","3269"
"San Miguel","3270"
"San Miguel","3271"
"San Miguel","3272"
"San Miguel","3273"
"San Miguel","3516"
"San Miguel","3517"
"San Miguel","3518"
"San Miguel","3521"
"Santa Catalina","18180"
"Santa Catalina","18430"
"Santa Catalina","18431"
"Santa Catalina","18432"
"Santa Catalina","18433"
"Santa Catalina","18434"
"Santa Catalina","18435"
"Santa Catalina","18436"
"Santa Catalina","18437"
"Santa Catalina","18681"
"Santa Catalina","18682"
"Santa Catalina","18683"
"Santa Catalina","18684"
"Santa Catalina","18685"
"Santa Catalina","18686"
"Santa Catalina","18687"
"Santa Catalina","18688"
"Santa Catalina","18932"
"Santa Catalina","18933"
"Santa Catalina","18934"
"Santa Catalina","18935"
"Santa Catalina","18936"
"Santa Catalina","18937"
"Santa Catalina","18938"
"Santa Catalina","18939"
"Santa Catalina","18940"
"Santa Catalina","18941"
"Santa Catalina","19183"
"Santa Catalina","19184"
"Santa Catalina","19185"
"Santa Catalina","19186"
"Santa Catalina","19187"
"Santa Catalina","19188"
"Santa Catalina","19189"
"Santa Catalina","19190"
"Santa Catalina","19191"
"Santa Catalina","19192"
"Santa Catalina","19193"
"Santa Catalina","19433"
"Santa Catalina","19434"
"Santa Catalina","19435"
"Santa Catalina","19436"
"Santa Catalina","19437"
"Santa Catalina","19438"
"Santa Catalina","19439"
"Santa Catalina","19440"
"Santa Catalina","19441"
"Santa Catalina","19442"
"Santa Catalina","19443"
"Santa Catalina","19444"
"Santa Catalina","19445"
"Santa Catalina","19685"
"Santa Catalina","19687"
"Santa Catalina","19688"
"Santa Catalina","19689"
"Santa Catalina","19690"
"Santa Catalina","19691"
"Santa Catalina","19692"
"Santa Catalina","19693"
"Santa Catalina","19694"
"Santa Catalina","19695"
"Santa Catalina","19696"
"Santa Catalina","19697"
"Santa Catalina","19698"
"Santa Catalina","19939"
"Santa Catalina","19940"
"Santa Catalina","19941"
"Santa Catalina","19942"
"Santa Catalina","19943"
"Santa Catalina","19944"
"Santa Catalina","19945"
"Santa Catalina","19946"
"Santa Catalina","19947"
"Santa Catalina","19948"
"Santa Catalina","19949"
"Santa Catalina","19950"
"Santa Catalina","19951"
"Santa Catalina","20191"
"Santa Catalina","20192"
"Santa Catalina","20193"
"Santa Catalina","20194"
"Santa Catalina","20195"
"Santa Catalina","20196"
"Santa Catalina","20197"
"Santa Catalina","20198"
"Santa Catalina","20199"
"Santa Catalina","20200"
"Santa Catalina","20201"
"Santa Catalina","20202"
"Santa Catalina","20203"
"Santa Catalina","20441"
"Santa Catalina","20442"
"Santa Catalina","20443"
"Santa Catalina","20444"
"Santa Catalina","20445"
"Santa Catalina","20446"
"Santa Catalina","20447"
"Santa Catalina","20448"
"Santa Catalina","20449"
"Santa Catalina","20450"
"Santa Catalina","20451"
"Santa Catalina","20452"
"Santa Catalina","20692"
"Santa Catalina","20693"
"Santa Catalina","20694"
"Santa Catalina","20695"
"Santa Catalina","20696"
"Santa Catalina","20697"
"Santa Catalina","20698"
"Santa Catalina","20699"
"Santa Catalina","20700"
"Santa Catalina","20701"
"Santa Catalina","20702"
"Santa Catalina","20703"
"Santa Catalina","20942"
"Santa Catalina","20943"
"Santa Catalina","20944"
"Santa Catalina","20945"
"Santa Catalina","20946"
"Santa Catalina","20947"
"Santa Catalina","20948"
"Santa Catalina","20949"
"Santa Catalina","20950"
"Santa Catalina","20951"
"Santa Catalina","20952"
"Santa Catalina","20953"
"Santa Catalina","20954"
"Santa Catalina","21192"
"Santa Catalina","21193"
"Santa Catalina","21194"
"Santa Catalina","21195"
"Santa Catalina","21196"
"Santa Catalina","21197"
"Santa Catalina","21198"
"Santa Catalina","21199"
"Santa Catalina","21200"
"Santa Catalina","21201"
"Santa Catalina","21202"
"Santa Catalina","21203"
"Santa Catalina","21204"
"Santa Catalina","21205"
"Santa Catalina","21441"
"Santa Catalina","21442"
"Santa Catalina","21443"
"Santa Catalina","21444"
"Santa Catalina","21445"
"Santa Catalina","21446"
"Santa Catalina","21447"
"Santa Catalina","21448"
"Santa Catalina","21449"
"Santa Catalina","21450"
"Santa Catalina","21451"
"Santa Catalina","21452"
"Santa Catalina","21453"
"Santa Catalina","21454"
"Santa Catalina","21455"
"Santa Catalina","21456"
"Santa Catalina","21691"
"Santa Catalina","21692"
"Santa Catalina","21693"
"Santa Catalina","21694"
"Santa Catalina","21695"
"Santa Catalina","21696"
"Santa Catalina","21697"
"Santa Catalina","21698"
"Santa Catalina","21699"
"Santa Catalina","21700"
"Santa Catalina","21701"
"Santa Catalina","21702"
"Santa Catalina","21703"
"Santa Catalina","21704"
"Santa Catalina","21705"
"Santa Catalina","21706"
"Santa Catalina","21707"
"Santa Catalina","21942"
"Santa Catalina","21943"
"Santa Catalina","21944"
"Santa Catalina","21945"
"Santa Catalina","21946"
"Santa Catalina","21947"
"Santa Catalina","21948"
"Santa Catalina","21949"
"Santa Catalina","21950"
"Santa Catalina","21951"
"Santa Catalina","21952"
"Santa Catalina","21953"
"Santa Catalina","21954"
"Santa Catalina","21955"
"Santa Catalina","21956"
"Santa Catalina","21957"
"Santa Catalina","21958"
"Santa Catalina","22192"
"Santa Catalina","22193"
"Santa Catalina","22194"
"Santa Catalina","22195"
"Santa Catalina","22196"
"Santa Catalina","22197"
"Santa Catalina","22198"
"Santa Catalina","22199"
"Santa Catalina","22200"
"Santa Catalina","22201"
"Santa Catalina","22202"
"Santa Catalina","22203"
"Santa Catalina","22204"
"Santa Catalina","22205"
"Santa Catalina","22206"
"Santa Catalina","22207"
"Santa Catalina","22208"
"Santa Catalina","22443"
"Santa Catalina","22444"
"Santa Catalina","22445"
"Santa Catalina","22446"
"Santa Catalina","22447"
"Santa Catalina","22448"
"Santa Catalina","22449"
"Santa Catalina","22450"
"Santa Catalina","22451"
"Santa Catalina","22452"
"Santa Catalina","22453"
"Santa Catalina","22454"
"Santa Catalina","22455"
"Santa Catalina","22456"
"Santa Catalina","22457"
"Santa Catalina","22458"
"Santa Catalina","22459"
"Santa Catalina","22694"
"Santa Catalina","22695"
"Santa Catalina","22696"
"Santa Catalina","22697"
"Santa Catalina","22698"
"Santa Catalina","22699"
"Santa Catalina","22700"
"Santa Catalina","22701"
"Santa Catalina","22702"
"Santa Catalina","22703"
"Santa Catalina","22704"
"Santa Catalina","22705"
"Santa Catalina","22706"
"Santa Catalina","22707"
"Santa Catalina","22708"
"Santa Catalina","22709"
"Santa Catalina","22954"
"Santa Catalina","22955"
"Santa Catalina","22956"
"Santa Catalina","22957"
"Santa Catalina","22958"
"Santa Catalina","23205"
"Santa Catalina","23206"
"Santa Catalina","23207"
"Santa Catalina","23208"
"San Clemente","30681"
"San Clemente","30682"
"San Clemente","30683"
"San Clemente","30684"
"San Clemente","30931"
"San Clemente","30932"
"San Clemente","30933"
"San Clemente","30934"
"San Clemente","30935"
"San Clemente","31181"
"San Clemente","31182"
"San Clemente","31183"
"San Clemente","31184"
"San Clemente","31185"
"San Clemente","31433"
"San Clemente","31434"
"San Clemente","31435"
"San Clemente","31436"
"San Clemente","31683"
"San Clemente","31684"
"San Clemente","31685"
"San Clemente","31686"
"San Clemente","31687"
"San Clemente","31933"
"San Clemente","31934"
"San Clemente","31935"
"San Clemente","31936"
"San Clemente","31937"
"San Clemente","32184"
"San Clemente","32185"
"San Clemente","32186"
"San Clemente","32187"
"San Clemente","32188"
"San Clemente","32434"
"San Clemente","32435"
"San Clemente","32436"
"San Clemente","32437"
"San Clemente","32438"
"San Clemente","32439"
"San Clemente","32684"
"San Clemente","32685"
"San Clemente","32686"
"San Clemente","32687"
"San Clemente","32688"
"San Clemente","32689"
"San Clemente","32690"
"San Clemente","32935"
"San Clemente","32936"
"San Clemente","32937"
"San Clemente","32938"
"San Clemente","32939"
"San Clemente","32940"
"San Clemente","33186"
"San Clemente","33187"
"San Clemente","33188"
"San Clemente","33189"
"San Clemente","33190"
"San Clemente","33191"
"San Clemente","33436"
"San Clemente","33437"
"San Clemente","33438"
"San Clemente","33439"
"San Clemente","33440"
"San Clemente","33441"
"San Clemente","33442"
"San Clemente","33687"
"San Clemente","33688"
"San Clemente","33689"
"San Clemente","33690"
"San Clemente","33691"
"San Clemente","33692"
"San Clemente","33693"
"San Clemente","33937"
"San Clemente","33938"
"San Clemente","33939"
"San Clemente","33940"
"San Clemente","33941"
"San Clemente","33942"
"San Clemente","33943"
"San Clemente","33944"
"San Clemente","33945"
"San Clemente","34187"
"San Clemente","34188"
"San Clemente","34189"
"San Clemente","34190"
"San Clemente","34191"
"San Clemente","34192"
"San Clemente","34193"
"San Clemente","34194"
"San Clemente","34195"
"San Clemente","34196"
"San Clemente","34438"
"San Clemente","34439"
"San Clemente","34440"
"San Clemente","34441"
"San Clemente","34442"
"San Clemente","34443"
"San Clemente","34444"
"San Clemente","34445"
"San Clemente","34446"
"San Clemente","34447"
"San Clemente","34689"
"San Clemente","34690"
"San Clemente","34691"
"San Clemente","34692"
"San Clemente","34693"
"San Clemente","34694"
"San Clemente","34695"
"San Clemente","34696"
"San Clemente","34697"
"San Clemente","34698"
"San Clemente","34940"
"San Clemente","34941"
"San Clemente","34942"
"San Clemente","34943"
"San Clemente","34944"
"San Clemente","34945"
"San Clemente","34946"
"San Clemente","34947"
"San Clemente","34948"
"San Clemente","34949"
"San Clemente","35190"
"San Clemente","35191"
"San Clemente","35192"
"San Clemente","35193"
"San Clemente","35194"
"San Clemente","35195"
"San Clemente","35196"
"San Clemente","35197"
"San Clemente","35198"
"San Clemente","35199"
"San Clemente","35200"
"San Clemente","35441"
"San Clemente","35442"
"San Clemente","35443"
"San Clemente","35444"
"San Clemente","35445"
"San Clemente","35446"
"San Clemente","35447"
"San Clemente","35448"
"San Clemente","35449"
"San Clemente","35450"
"San Clemente","35451"
"San Clemente","35691"
"San Clemente","35692"
"San Clemente","35693"
"San Clemente","35694"
"San Clemente","35695"
"San Clemente","35696"
"San Clemente","35697"
"San Clemente","35698"
"San Clemente","35699"
"San Clemente","35700"
"San Clemente","35701"
"San Clemente","35702"
"San Clemente","35942"
"San Clemente","35943"
"San Clemente","35944"
"San Clemente","35945"
"San Clemente","35946"
"San Clemente","35947"
"San Clemente","35948"
"San Clemente","35949"
"San Clemente","35950"
"San Clemente","35951"
"San Clemente","35952"
"San Clemente","35953"
"San Clemente","35954"
"San Clemente","36194"
"San Clemente","36195"
"San Clemente","36196"
"San Clemente","36197"
"San Clemente","36198"
"San Clemente","36199"
"San Clemente","36200"
"San Clemente","36201"
"San Clemente","36202"
"San Clemente","36203"
"San Clemente","36204"
"San Clemente","36205"
"San Clemente","36445"
"San Clemente","36446"
"San Clemente","36447"
"San Clemente","36448"
"San Clemente","36449"
"San Clemente","36450"
"San Clemente","36451"
"San Clemente","36452"
"San Clemente","36453"
"San Clemente","36454"
"San Clemente","36455"
"San Clemente","36697"
"San Clemente","36698"
"San Clemente","36699"
"San Clemente","36700"
"San Clemente","36705"
"San Clemente","36948"
"San Clemente","36949"
"San Nicolas","23842"
"San Nicolas","23843"
"San Nicolas","23844"
"San Nicolas","23845"
"San Nicolas","24090"
"San Nicolas","24091"
"San Nicolas","24092"
"San Nicolas","24093"
"San Nicolas","24094"
"San Nicolas","24095"
"San Nicolas","24096"
"San Nicolas","24097"
"San Nicolas","24340"
"San Nicolas","24341"
"San Nicolas","24342"
"San Nicolas","24343"
"San Nicolas","24344"
"San Nicolas","24345"
"San Nicolas","24346"
"San Nicolas","24347"
"San Nicolas","24348"
"San Nicolas","24349"
"San Nicolas","24350"
"San Nicolas","24590"
"San Nicolas","24591"
"San Nicolas","24592"
"San Nicolas","24593"
"San Nicolas","24594"
"San Nicolas","24595"
"San Nicolas","24596"
"San Nicolas","24597"
"San Nicolas","24598"
"San Nicolas","24599"
"San Nicolas","24600"
"San Nicolas","24601"
"San Nicolas","24841"
"San Nicolas","24842"
"San Nicolas","24843"
"San Nicolas","24844"
"San Nicolas","24845"
"San Nicolas","24846"
"San Nicolas","24847"
"San Nicolas","24848"
"San Nicolas","24849"
"San Nicolas","24850"
"San Nicolas","24851"
"San Nicolas","24852"
"San Nicolas","25092"
"San Nicolas","25093"
"San Nicolas","25094"
"San Nicolas","25095"
"San Nicolas","25096"
"San Nicolas","25097"
"San Nicolas","25098"
"San Nicolas","25099"
"San Nicolas","25100"
"San Nicolas","25101"
"San Nicolas","25102"
"San Nicolas","25103"
"San Nicolas","25343"
"San Nicolas","25344"
"San Nicolas","25345"
"San Nicolas","25346"
"San Nicolas","25347"
"San Nicolas","25348"
"San Nicolas","25349"
"San Nicolas","25350"
"San Nicolas","25351"
"San Nicolas","25352"
"San Nicolas","25353"
"San Nicolas","25354"
"San Nicolas","25596"
"San Nicolas","25597"
"San Nicolas","25598"
"San Nicolas","25599"
"San Nicolas","25600"
"San Nicolas","25601"
"San Nicolas","25602"
"San Nicolas","25603"
"San Nicolas","25849"
"San Nicolas","25850"
"Santa Barbara","18139"
"Santa Barbara","18140"
"Santa Barbara","18141"
"Santa Barbara","18389"
"Santa Barbara","18390"
"Santa Barbara","18391"
"Santa Barbara","18639"
"Santa Barbara","18640"
"Santa Barbara","18641"
"Santa Barbara","18889"
"Santa Barbara","18890"
